insert into Stores (store_id, address)
values
    (1, '5718 Banding Center'),
    (2, '5865 Eagle Crest Road'),
    (3, '0114 Kensington Point'),
    (4, '61608 Bartelt Junction'),
    (5, '8 Prairieview Junction');

insert into Employees (name, username, password, store_id)
values
    ('Gizela Borrett', 'Gizela', 'password', 1),
    ('Frederigo Palister', 'Frederigo', 'password', 2),
    ('Dolly Mutch', 'Dolly', 'password', 3),
    ('Dasha Delong', 'Dasha', 'password', 4),
    ('Imojean Brogi', 'Imojean', 'password', 5),
    ('Orazio Ladyman', 'Orazio', 'password', 2),
    ('Meg Mulvagh', 'Meg', 'password', 3),
    ('Karry Tatton', 'Karry', 'password', 4),
    ('Floyd MacCollom', 'Floyd', 'password', 5),
    ('Tedmund Sonner', 'Tedmund', 'password', 1),
    ('Tam Atley', 'Tam', 'password', 2),
    ('Cordell Heady', 'Cordell', 'password', 3),
    ('Cathrin Greated', 'Cathrin', 'password', 4),
    ('Aili Darinton', 'Aili', 'password', 5),
    ('Hamlen Steffens', 'Hamlen', 'password', 1),
    ('Kirbee Errichelli', 'Kirbee', 'password', 2),
    ('Veronika Chaize', 'Veronika', 'password', 3),
    ('Sal Houdmont', 'Sal', 'password', 4),
    ('Trista Weepers', 'Trista', 'password', 5),
    ('Zorina Manchester', 'Zorina', 'password', 1),
    ('Shayne Legges', 'Shayne', 'password', 2),
    ('Barth Ballay', 'Barth', 'password', 3),
    ('Kailey Tomaszewski', 'Kailey', 'password', 4),
    ('Leopold Thonason', 'Leopold', 'password', 5),
    ('Dredi Olyff', 'Dredi', 'password', 1),
    ('Timothea Gocke', 'Timothea', 'password', 2),
    ('Grete Cauley', 'Grete', 'password', 3),
    ('Donavon Grabbam', 'Donavon', 'password', 4),
    ('Standford Waggatt', 'Standford', 'password', 5),
    ('Shell Copner', 'Shell', 'password', 1),
    ('Brandais Blick', 'Brandais', 'password', 2),
    ('Miner McCormack', 'Miner', 'password', 3),
    ('Franky Coultas', 'Franky', 'password', 4),
    ('Berke Birtwell', 'Berke', 'password', 5),
    ('Delainey Joanic', 'Delainey', 'password', 1),
    ('Farrand Payley', 'Farrand', 'password', 2),
    ('Silvie Thinn', 'Silvie', 'password', 3),
    ('Staffard Bacher', 'Staffard', 'password', 4),
    ('Petunia Stockill', 'Petunia', 'password', 5),
    ('Tiffie Faulo', 'Tiffie', 'password', 1),
    ('Kessia Keat', 'Kessia', 'password', 2),
    ('Merell Lazenby', 'Merell', 'password', 3),
    ('Lance Dews', 'Lance', 'password', 4),
    ('Mick Gussin', 'Mick', 'password', 5),
    ('Elvyn Clymer', 'Elvyn', 'password', 1),
    ('Darrelle McOrkill', 'Darrelle', 'password', 2),
    ('Tamarah Bondesen', 'Tamarah', 'password', 3),
    ('Moritz Neller', 'Moritz', 'password', 4),
    ('Brice Grishanin', 'Brice', 'password', 5),
    ('Timi Leaming', 'Timi', 'password', 1);

update stores set manager_id = 5 where store_id = 1;
update stores set manager_id = 1 where store_id = 2;
update stores set manager_id = 2 where store_id = 3;
update stores set manager_id = 3 where store_id = 4;
update stores set manager_id = 4 where store_id = 5;

INSERT INTO Bricks (description, price)
VALUES
    ('12x16 Blue Brick', 0.15),
    ('12x2 Green Panel', 0.15),
    ('4x11 White Hyperboloid', 0.35),
    ('8x8 Indigo Dodecahedron', 0.34),
    ('18x14 Orange Dodecahedron', 0.13),
    ('17x9 White Hyperboloid', 0.21),
    ('10x2 Orange Panel', 0.05),
    ('16x13 Orange Dodecahedron', 0.07),
    ('3x14 Indigo Brick', 0.47),
    ('14x15 Black Brick', 0.42),
    ('19x13 Indigo Plate', 0.43),
    ('20x12 Indigo Brick', 0.16),
    ('20x10 Green Dodecahedron', 0.3),
    ('18x7 Black Plate', 0.37),
    ('7x5 Yellow Plate', 0.19),
    ('1x7 Orange Panel', 0.22),
    ('17x6 Indigo Hyperboloid', 0.33),
    ('5x20 Blue Panel', 0.43),
    ('6x9 Blue Plate', 0.37),
    ('8x15 Green Brick', 0.41),
    ('12x15 Red Dodecahedron', 0.19),
    ('1x8 Indigo Hyperboloid', 0.4),
    ('19x1 Green Brick', 0.37),
    ('15x13 Orange Hyperboloid', 0.45),
    ('17x7 White Dodecahedron', 0.11),
    ('18x4 White Plate', 0.12),
    ('18x14 White Dodecahedron', 0.18),
    ('4x7 Orange Hyperboloid', 0.44),
    ('8x13 Red Plate', 0.38),
    ('10x5 Indigo Brick', 0.27),
    ('18x18 Black Brick', 0.32),
    ('5x7 Green Hyperboloid', 0.13),
    ('14x6 Indigo Brick', 0.34),
    ('17x7 Violet Dodecahedron', 0.45),
    ('19x8 White Brick', 0.48),
    ('18x9 Green Dodecahedron', 0.34),
    ('1x9 Violet Panel', 0.13),
    ('11x11 Orange Hyperboloid', 0.28),
    ('10x2 Indigo Panel', 0.42),
    ('17x9 Blue Panel', 0.45),
    ('8x6 Red Dodecahedron', 0.46),
    ('11x17 White Plate', 0.25),
    ('19x19 Red Hyperboloid', 0.26),
    ('18x17 Black Hyperboloid', 0.43),
    ('13x5 Blue Hyperboloid', 0.42),
    ('14x11 Yellow Hyperboloid', 0.09),
    ('3x15 Violet Dodecahedron', 0.32),
    ('4x6 Red Brick', 0.14),
    ('19x5 Green Brick', 0.28),
    ('16x9 Yellow Brick', 0.14),
    ('10x14 Blue Dodecahedron', 0.31),
    ('2x3 Blue Dodecahedron', 0.4),
    ('5x14 Black Panel', 0.24),
    ('2x19 Violet Brick', 0.3),
    ('17x4 Yellow Dodecahedron', 0.39),
    ('3x8 Orange Plate', 0.19),
    ('6x18 Violet Brick', 0.23),
    ('19x1 Green Hyperboloid', 0.34),
    ('4x12 Blue Panel', 0.42),
    ('1x8 Orange Plate', 0.19),
    ('9x17 Violet Plate', 0.37),
    ('5x3 Violet Hyperboloid', 0.17),
    ('2x16 Green Panel', 0.21),
    ('14x9 Violet Brick', 0.09),
    ('18x2 Blue Brick', 0.13),
    ('16x20 White Brick', 0.4),
    ('15x13 Indigo Plate', 0.1),
    ('14x8 Violet Brick', 0.25),
    ('13x15 Black Hyperboloid', 0.45),
    ('12x8 Red Brick', 0.06),
    ('11x4 Violet Hyperboloid', 0.27),
    ('20x12 Indigo Dodecahedron', 0.19),
    ('16x13 Green Dodecahedron', 0.12),
    ('6x11 Blue Panel', 0.37),
    ('13x12 Orange Hyperboloid', 0.31),
    ('2x16 Indigo Hyperboloid', 0.35),
    ('2x8 White Plate', 0.12),
    ('18x19 Orange Brick', 0.08),
    ('2x15 Red Brick', 0.32),
    ('13x9 White Plate', 0.32),
    ('5x15 Violet Brick', 0.45),
    ('6x4 Blue Brick', 0.45),
    ('1x13 Orange Hyperboloid', 0.46),
    ('9x3 Green Panel', 0.29),
    ('8x15 Yellow Hyperboloid', 0.33),
    ('2x16 Yellow Brick', 0.17),
    ('19x7 Violet Panel', 0.2),
    ('14x18 Orange Brick', 0.48),
    ('14x9 Violet Hyperboloid', 0.1),
    ('11x2 Red Hyperboloid', 0.1),
    ('12x17 Orange Hyperboloid', 0.37),
    ('12x9 Green Hyperboloid', 0.31),
    ('13x8 Blue Panel', 0.44),
    ('2x6 Violet Plate', 0.35),
    ('13x17 Black Plate', 0.39),
    ('12x2 Orange Dodecahedron', 0.37),
    ('12x4 Orange Plate', 0.07),
    ('13x15 Indigo Brick', 0.26),
    ('9x12 Red Brick', 0.2);

INSERT INTO Sets (name, description)
VALUES
    ('Crayfish-Bug Set', 'This is the description for the hybrid Crayfish-Bug set.'),
    ('Pheasant-Cat Set', 'This is the description for the hybrid Pheasant-Cat set.'),
    ('Vole-Ant Set', 'This is the description for the hybrid Vole-Ant set.'),
    ('Dog-Cougar Set', 'This is the description for the hybrid Dog-Cougar set.'),
    ('Gorilla-Heron Set', 'This is the description for the hybrid Gorilla-Heron set.'),
    ('Leech-Mouse Set', 'This is the description for the hybrid Leech-Mouse set.'),
    ('Donkey-Swallow Set', 'This is the description for the hybrid Donkey-Swallow set.'),
    ('Gorilla-Leech Set', 'This is the description for the hybrid Gorilla-Leech set.'),
    ('Vole-Marlin Set', 'This is the description for the hybrid Vole-Marlin set.'),
    ('Dingo-Rabbit Set', 'This is the description for the hybrid Dingo-Rabbit set.'),
    ('Hummingbird-Porpoise Set', 'This is the description for the hybrid Hummingbird-Porpoise set.'),
    ('Dog-Tortoise Set', 'This is the description for the hybrid Dog-Tortoise set.'),
    ('Pinniped-Vulture Set', 'This is the description for the hybrid Pinniped-Vulture set.'),
    ('Limpet-Chimpanzee Set', 'This is the description for the hybrid Limpet-Chimpanzee set.'),
    ('Panda-Dog Set', 'This is the description for the hybrid Panda-Dog set.'),
    ('Prawn-Cobra Set', 'This is the description for the hybrid Prawn-Cobra set.'),
    ('Halibut-Shrimp Set', 'This is the description for the hybrid Halibut-Shrimp set.'),
    ('Clownfish-Scallop Set', 'This is the description for the hybrid Clownfish-Scallop set.'),
    ('Boar-Gorilla Set', 'This is the description for the hybrid Boar-Gorilla set.'),
    ('Pelican-Mackerel Set', 'This is the description for the hybrid Pelican-Mackerel set.'),
    ('Alligator-Grasshopper Set', 'This is the description for the hybrid Alligator-Grasshopper set.'),
    ('Barnacle-Alpaca Set', 'This is the description for the hybrid Barnacle-Alpaca set.'),
    ('Rooster-Sparrow Set', 'This is the description for the hybrid Rooster-Sparrow set.'),
    ('list-Galliform Set', 'This is the description for the hybrid list-Galliform set.'),
    ('Sheep-Gerbil Set', 'This is the description for the hybrid Sheep-Gerbil set.');

INSERT INTO Sets_Bricks
VALUES
    (1000, 10001, 3),
    (1000, 10086, 11),
    (1000, 10027, 4),
    (1000, 10069, 12),
    (1000, 10031, 4),
    (1000, 10048, 15),
    (1001, 10063, 14),
    (1001, 10000, 10),
    (1001, 10093, 9),
    (1001, 10050, 5),
    (1001, 10028, 3),
    (1001, 10038, 14),
    (1001, 10083, 1),
    (1001, 10072, 8),
    (1001, 10019, 10),
    (1001, 10086, 10),
    (1001, 10075, 9),
    (1002, 10056, 10),
    (1002, 10055, 1),
    (1002, 10035, 15),
    (1002, 10097, 5),
    (1002, 10058, 5),
    (1002, 10080, 8),
    (1003, 10001, 7),
    (1003, 10008, 12),
    (1003, 10021, 7),
    (1003, 10054, 8),
    (1003, 10069, 5),
    (1003, 10011, 15),
    (1003, 10031, 13),
    (1004, 10052, 7),
    (1004, 10046, 4),
    (1004, 10048, 15),
    (1004, 10014, 7),
    (1004, 10093, 12),
    (1004, 10091, 15),
    (1004, 10002, 1),
    (1004, 10027, 4),
    (1004, 10077, 3),
    (1004, 10029, 10),
    (1004, 10042, 11),
    (1004, 10026, 9),
    (1004, 10090, 7),
    (1005, 10086, 15),
    (1005, 10075, 3),
    (1005, 10054, 8),
    (1005, 10011, 9),
    (1005, 10096, 5),
    (1005, 10049, 6),
    (1005, 10078, 6),
    (1005, 10026, 9),
    (1005, 10033, 15),
    (1006, 10044, 8),
    (1006, 10025, 14),
    (1006, 10010, 8),
    (1006, 10031, 5),
    (1006, 10003, 12),
    (1006, 10049, 12),
    (1006, 10062, 1),
    (1006, 10034, 12),
    (1006, 10089, 9),
    (1006, 10052, 1),
    (1006, 10060, 10),
    (1006, 10012, 13),
    (1006, 10026, 3),
    (1006, 10047, 1),
    (1007, 10064, 12),
    (1007, 10002, 12),
    (1007, 10086, 5),
    (1007, 10044, 6),
    (1007, 10056, 9),
    (1007, 10036, 5),
    (1007, 10032, 11),
    (1007, 10074, 6),
    (1007, 10013, 5),
    (1007, 10068, 5),
    (1007, 10094, 1),
    (1008, 10092, 9),
    (1008, 10024, 1),
    (1008, 10090, 2),
    (1008, 10096, 9),
    (1008, 10018, 3),
    (1008, 10023, 3),
    (1008, 10098, 11),
    (1008, 10040, 11),
    (1008, 10041, 14),
    (1008, 10044, 5),
    (1008, 10009, 8),
    (1008, 10059, 1),
    (1008, 10021, 1),
    (1008, 10076, 14),
    (1008, 10068, 7),
    (1009, 10063, 15),
    (1009, 10016, 15),
    (1009, 10081, 6),
    (1009, 10006, 2),
    (1009, 10009, 5),
    (1009, 10084, 8),
    (1009, 10049, 8),
    (1009, 10035, 14),
    (1009, 10069, 9),
    (1009, 10033, 11),
    (1009, 10021, 7),
    (1009, 10093, 4),
    (1009, 10095, 9),
    (1010, 10054, 12),
    (1010, 10063, 11),
    (1010, 10023, 8),
    (1010, 10086, 3),
    (1010, 10047, 15),
    (1010, 10096, 5),
    (1010, 10068, 8),
    (1010, 10010, 11),
    (1010, 10076, 6),
    (1010, 10015, 5),
    (1010, 10064, 4),
    (1010, 10022, 7),
    (1010, 10089, 11),
    (1011, 10060, 3),
    (1011, 10092, 9),
    (1011, 10002, 12),
    (1011, 10039, 10),
    (1011, 10062, 8),
    (1011, 10064, 9),
    (1011, 10096, 9),
    (1011, 10028, 15),
    (1011, 10091, 11),
    (1012, 10080, 12),
    (1012, 10075, 7),
    (1012, 10021, 10),
    (1012, 10007, 6),
    (1012, 10058, 5),
    (1012, 10053, 9),
    (1012, 10020, 1),
    (1012, 10067, 2),
    (1012, 10086, 15),
    (1012, 10060, 13),
    (1012, 10013, 4),
    (1013, 10066, 13),
    (1013, 10007, 15),
    (1013, 10030, 8),
    (1013, 10057, 7),
    (1013, 10080, 9),
    (1013, 10085, 13),
    (1013, 10020, 3),
    (1013, 10069, 4),
    (1013, 10073, 14),
    (1013, 10032, 7),
    (1013, 10097, 12),
    (1013, 10019, 4),
    (1013, 10028, 15),
    (1014, 10052, 8),
    (1014, 10082, 12),
    (1014, 10061, 2),
    (1014, 10067, 14),
    (1014, 10008, 3),
    (1014, 10047, 10),
    (1014, 10077, 2),
    (1014, 10032, 14),
    (1014, 10037, 11),
    (1014, 10006, 11),
    (1015, 10036, 6),
    (1015, 10038, 15),
    (1015, 10050, 6),
    (1015, 10072, 11),
    (1015, 10062, 13),
    (1015, 10021, 13),
    (1015, 10054, 8),
    (1015, 10080, 7),
    (1015, 10040, 3),
    (1015, 10049, 7),
    (1015, 10007, 1),
    (1015, 10061, 14),
    (1015, 10083, 1),
    (1016, 10058, 10),
    (1016, 10073, 6),
    (1016, 10014, 5),
    (1016, 10055, 8),
    (1016, 10094, 2),
    (1016, 10070, 11),
    (1016, 10082, 13),
    (1016, 10023, 4),
    (1016, 10084, 11),
    (1016, 10016, 2),
    (1016, 10007, 9),
    (1017, 10007, 2),
    (1017, 10028, 13),
    (1017, 10032, 3),
    (1017, 10093, 15),
    (1017, 10059, 13),
    (1017, 10048, 9),
    (1017, 10080, 2),
    (1017, 10001, 2),
    (1017, 10021, 8),
    (1017, 10006, 11),
    (1017, 10072, 2),
    (1017, 10042, 1),
    (1017, 10056, 14),
    (1017, 10068, 15),
    (1017, 10031, 1),
    (1018, 10093, 10),
    (1018, 10006, 6),
    (1018, 10025, 13),
    (1018, 10019, 1),
    (1018, 10098, 6),
    (1018, 10005, 10),
    (1018, 10061, 3),
    (1019, 10006, 13),
    (1019, 10048, 5),
    (1019, 10054, 14),
    (1019, 10088, 7),
    (1019, 10060, 9),
    (1019, 10001, 8),
    (1019, 10013, 8),
    (1020, 10000, 1),
    (1020, 10034, 9),
    (1020, 10069, 15),
    (1020, 10056, 13),
    (1020, 10012, 15),
    (1020, 10077, 2),
    (1020, 10082, 6),
    (1020, 10059, 7),
    (1021, 10086, 8),
    (1021, 10040, 9),
    (1021, 10035, 8),
    (1021, 10058, 3),
    (1021, 10027, 13),
    (1021, 10057, 4),
    (1021, 10067, 11),
    (1021, 10001, 9),
    (1021, 10025, 10),
    (1021, 10006, 5),
    (1021, 10008, 12),
    (1021, 10062, 1),
    (1021, 10076, 12),
    (1022, 10040, 2),
    (1022, 10002, 10),
    (1022, 10088, 15),
    (1022, 10086, 6),
    (1022, 10094, 13),
    (1022, 10020, 9),
    (1022, 10075, 12),
    (1022, 10009, 10),
    (1022, 10052, 3),
    (1022, 10072, 10),
    (1022, 10047, 9),
    (1022, 10079, 7),
    (1022, 10076, 4),
    (1022, 10023, 7),
    (1023, 10094, 5),
    (1023, 10068, 6),
    (1023, 10003, 6),
    (1023, 10063, 12),
    (1024, 10069, 7),
    (1024, 10093, 10),
    (1024, 10018, 9),
    (1024, 10016, 12),
    (1024, 10012, 10),
    (1024, 10087, 7),
    (1024, 10081, 13),
    (1024, 10048, 15),
    (1024, 10008, 8),
    (1024, 10097, 11),
    (1024, 10088, 1);

INSERT INTO Stores_Bricks
VALUES
    (1, 10000, 29),
    (1, 10001, 32),
    (1, 10002, 44),
    (1, 10003, 20),
    (1, 10004, 48),
    (1, 10005, 20),
    (1, 10006, 4),
    (1, 10007, 12),
    (1, 10008, 10),
    (1, 10009, 23),
    (1, 10010, 43),
    (1, 10011, 29),
    (1, 10012, 9),
    (1, 10013, 42),
    (1, 10014, 48),
    (1, 10015, 41),
    (1, 10016, 34),
    (1, 10017, 42),
    (1, 10018, 20),
    (1, 10019, 43),
    (1, 10020, 48),
    (1, 10021, 45),
    (1, 10022, 28),
    (1, 10023, 10),
    (1, 10024, 7),
    (1, 10025, 32),
    (1, 10026, 27),
    (1, 10027, 5),
    (1, 10028, 34),
    (1, 10029, 33),
    (1, 10030, 32),
    (1, 10031, 41),
    (1, 10032, 24),
    (1, 10033, 34),
    (1, 10034, 23),
    (1, 10035, 13),
    (1, 10036, 31),
    (1, 10037, 19),
    (1, 10038, 35),
    (1, 10039, 34),
    (1, 10040, 15),
    (1, 10041, 45),
    (1, 10042, 38),
    (1, 10043, 6),
    (1, 10044, 8),
    (1, 10045, 34),
    (1, 10046, 3),
    (1, 10047, 46),
    (1, 10048, 32),
    (1, 10049, 3),
    (1, 10050, 28),
    (1, 10051, 27),
    (1, 10052, 39),
    (1, 10053, 14),
    (1, 10054, 39),
    (1, 10055, 5),
    (1, 10056, 7),
    (1, 10057, 20),
    (1, 10058, 44),
    (1, 10059, 23),
    (1, 10060, 15),
    (1, 10061, 29),
    (1, 10062, 21),
    (1, 10063, 12),
    (1, 10064, 2),
    (1, 10065, 2),
    (1, 10066, 39),
    (1, 10067, 1),
    (1, 10068, 18),
    (1, 10069, 27),
    (1, 10070, 23),
    (1, 10071, 36),
    (1, 10072, 5),
    (1, 10073, 42),
    (1, 10074, 0),
    (1, 10075, 11),
    (1, 10076, 17),
    (1, 10077, 1),
    (1, 10078, 22),
    (1, 10079, 33),
    (1, 10080, 11),
    (1, 10081, 9),
    (1, 10082, 14),
    (1, 10083, 2),
    (1, 10084, 13),
    (1, 10085, 33),
    (1, 10086, 7),
    (1, 10087, 30),
    (1, 10088, 22),
    (1, 10089, 35),
    (1, 10090, 11),
    (1, 10091, 36),
    (1, 10092, 45),
    (1, 10093, 39),
    (1, 10094, 34),
    (1, 10095, 18),
    (1, 10096, 10),
    (1, 10097, 11),
    (1, 10098, 18),
    (2, 10000, 34),
    (2, 10001, 8),
    (2, 10002, 22),
    (2, 10003, 44),
    (2, 10004, 2),
    (2, 10005, 11),
    (2, 10006, 5),
    (2, 10007, 47),
    (2, 10008, 4),
    (2, 10009, 3),
    (2, 10010, 17),
    (2, 10011, 2),
    (2, 10012, 32),
    (2, 10013, 13),
    (2, 10014, 31),
    (2, 10015, 11),
    (2, 10016, 18),
    (2, 10017, 19),
    (2, 10018, 10),
    (2, 10019, 3),
    (2, 10020, 17),
    (2, 10021, 19),
    (2, 10022, 23),
    (2, 10023, 49),
    (2, 10024, 18),
    (2, 10025, 8),
    (2, 10026, 0),
    (2, 10027, 19),
    (2, 10028, 16),
    (2, 10029, 30),
    (2, 10030, 20),
    (2, 10031, 46),
    (2, 10032, 27),
    (2, 10033, 28),
    (2, 10034, 8),
    (2, 10035, 50),
    (2, 10036, 23),
    (2, 10037, 46),
    (2, 10038, 35),
    (2, 10039, 36),
    (2, 10040, 0),
    (2, 10041, 45),
    (2, 10042, 10),
    (2, 10043, 3),
    (2, 10044, 49),
    (2, 10045, 41),
    (2, 10046, 6),
    (2, 10047, 8),
    (2, 10048, 2),
    (2, 10049, 6),
    (2, 10050, 43),
    (2, 10051, 10),
    (2, 10052, 14),
    (2, 10053, 27),
    (2, 10054, 18),
    (2, 10055, 40),
    (2, 10056, 22),
    (2, 10057, 18),
    (2, 10058, 36),
    (2, 10059, 3),
    (2, 10060, 35),
    (2, 10061, 30),
    (2, 10062, 49),
    (2, 10063, 31),
    (2, 10064, 45),
    (2, 10065, 33),
    (2, 10066, 13),
    (2, 10067, 35),
    (2, 10068, 14),
    (2, 10069, 10),
    (2, 10070, 33),
    (2, 10071, 25),
    (2, 10072, 11),
    (2, 10073, 32),
    (2, 10074, 18),
    (2, 10075, 49),
    (2, 10076, 46),
    (2, 10077, 33),
    (2, 10078, 2),
    (2, 10079, 13),
    (2, 10080, 42),
    (2, 10081, 34),
    (2, 10082, 33),
    (2, 10083, 50),
    (2, 10084, 31),
    (2, 10085, 19),
    (2, 10086, 46),
    (2, 10087, 12),
    (2, 10088, 24),
    (2, 10089, 46),
    (2, 10090, 30),
    (2, 10091, 37),
    (2, 10092, 6),
    (2, 10093, 41),
    (2, 10094, 21),
    (2, 10095, 10),
    (2, 10096, 5),
    (2, 10097, 29),
    (2, 10098, 17),
    (3, 10000, 30),
    (3, 10001, 37),
    (3, 10002, 23),
    (3, 10003, 25),
    (3, 10004, 44),
    (3, 10005, 40),
    (3, 10006, 19),
    (3, 10007, 45),
    (3, 10008, 17),
    (3, 10009, 12),
    (3, 10010, 14),
    (3, 10011, 4),
    (3, 10012, 47),
    (3, 10013, 29),
    (3, 10014, 15),
    (3, 10015, 48),
    (3, 10016, 48),
    (3, 10017, 45),
    (3, 10018, 11),
    (3, 10019, 46),
    (3, 10020, 11),
    (3, 10021, 39),
    (3, 10022, 45),
    (3, 10023, 18),
    (3, 10024, 7),
    (3, 10025, 12),
    (3, 10026, 19),
    (3, 10027, 8),
    (3, 10028, 16),
    (3, 10029, 38),
    (3, 10030, 39),
    (3, 10031, 3),
    (3, 10032, 46),
    (3, 10033, 24),
    (3, 10034, 40),
    (3, 10035, 15),
    (3, 10036, 22),
    (3, 10037, 22),
    (3, 10038, 49),
    (3, 10039, 15),
    (3, 10040, 48),
    (3, 10041, 16),
    (3, 10042, 5),
    (3, 10043, 12),
    (3, 10044, 6),
    (3, 10045, 13),
    (3, 10046, 32),
    (3, 10047, 47),
    (3, 10048, 45),
    (3, 10049, 23),
    (3, 10050, 13),
    (3, 10051, 44),
    (3, 10052, 27),
    (3, 10053, 6),
    (3, 10054, 7),
    (3, 10055, 38),
    (3, 10056, 27),
    (3, 10057, 16),
    (3, 10058, 0),
    (3, 10059, 21),
    (3, 10060, 45),
    (3, 10061, 34),
    (3, 10062, 24),
    (3, 10063, 3),
    (3, 10064, 41),
    (3, 10065, 11),
    (3, 10066, 35),
    (3, 10067, 41),
    (3, 10068, 16),
    (3, 10069, 31),
    (3, 10070, 0),
    (3, 10071, 28),
    (3, 10072, 46),
    (3, 10073, 43),
    (3, 10074, 25),
    (3, 10075, 46),
    (3, 10076, 32),
    (3, 10077, 24),
    (3, 10078, 46),
    (3, 10079, 46),
    (3, 10080, 12),
    (3, 10081, 28),
    (3, 10082, 40),
    (3, 10083, 0),
    (3, 10084, 21),
    (3, 10085, 8),
    (3, 10086, 12),
    (3, 10087, 27),
    (3, 10088, 37),
    (3, 10089, 29),
    (3, 10090, 43),
    (3, 10091, 9),
    (3, 10092, 35),
    (3, 10093, 16),
    (3, 10094, 39),
    (3, 10095, 45),
    (3, 10096, 32),
    (3, 10097, 32),
    (3, 10098, 24);

INSERT INTO Stores_Sets
VALUES
    (1, 1000, 9),
    (1, 1001, 9),
    (1, 1002, 5),
    (1, 1003, 3),
    (1, 1004, 3),
    (1, 1005, 4),
    (1, 1006, 1),
    (1, 1007, 0),
    (1, 1008, 8),
    (1, 1009, 7),
    (1, 1010, 4),
    (1, 1011, 9),
    (1, 1012, 5),
    (1, 1013, 1),
    (1, 1014, 8),
    (1, 1015, 6),
    (1, 1016, 9),
    (1, 1017, 8),
    (1, 1018, 0),
    (1, 1019, 1),
    (1, 1020, 10),
    (1, 1021, 1),
    (1, 1022, 7),
    (1, 1023, 0),
    (1, 1024, 8),
    (2, 1000, 3),
    (2, 1001, 4),
    (2, 1002, 4),
    (2, 1003, 2),
    (2, 1004, 7),
    (2, 1005, 6),
    (2, 1006, 9),
    (2, 1007, 4),
    (2, 1008, 7),
    (2, 1009, 10),
    (2, 1010, 0),
    (2, 1011, 7),
    (2, 1012, 3),
    (2, 1013, 10),
    (2, 1014, 4),
    (2, 1015, 10),
    (2, 1016, 6),
    (2, 1017, 4),
    (2, 1018, 10),
    (2, 1019, 1),
    (2, 1020, 5),
    (2, 1021, 5),
    (2, 1022, 6),
    (2, 1023, 3),
    (2, 1024, 4),
    (3, 1000, 1),
    (3, 1001, 5),
    (3, 1002, 7),
    (3, 1003, 0),
    (3, 1004, 5),
    (3, 1005, 8),
    (3, 1006, 10),
    (3, 1007, 0),
    (3, 1008, 10),
    (3, 1009, 8),
    (3, 1010, 10),
    (3, 1011, 1),
    (3, 1012, 10),
    (3, 1013, 7),
    (3, 1014, 4),
    (3, 1015, 4),
    (3, 1016, 10),
    (3, 1017, 7),
    (3, 1018, 1),
    (3, 1019, 10),
    (3, 1020, 6),
    (3, 1021, 8),
    (3, 1022, 0),
    (3, 1023, 1),
    (3, 1024, 7);

insert into Customers (customer_id, email, username, password, name, address, store_preference)
values
    (1, 'cfownes0@linkedin.com', 'cfownes0', 'Rri3KasHQt', 'Cherilyn Fownes', '9 Bluestem Road', 2),
    (2, 'pdaveridge1@dot.gov', 'pdaveridge1', 'Fpe6zLakZ8D', 'Petronille Daveridge', '70 Brickson Park Crossing', 3),
    (3, 'tpickthall2@yahoo.com', 'tpickthall2', 'EoVwQa0lv', 'Tamra Pickthall', '3 Artisan Circle', 4),
    (4, 'rgiacoppoli3@nymag.com', 'rgiacoppoli3', '9NS3AMXH', 'Raimund Giacoppoli', '3381 Spohn Junction', 5),
    (5, 'kbeckworth4@wired.com', 'kbeckworth4', 'fBm6yhsctZM', 'Krystal Beckworth', '3372 Golf View Parkway', 1),
    (6, 'ctorrejon5@cnet.com', 'ctorrejon5', 'GObZokQF', 'Chryste Torrejon', '3 Fairfield Plaza', 2),
    (7, 'aloudwell6@behance.net', 'aloudwell6', 'L3pXXE2All', 'Ameline Loudwell', '02 Carioca Park', 3),
    (8, 'ebassham7@reverbnation.com', 'ebassham7', 'zGAoGbVEH', 'Erl Bassham', '6 Declaration Hill', 4),
    (9, 'abuston8@webeden.co.uk', 'abuston8', '2tFoqc', 'Alfonse Buston', '59079 Schlimgen Drive', 5),
    (10, 'afilochov9@huffingtonpost.com', 'afilochov9', 'mq749gn', 'Aryn Filochov', '526 Jay Court', 1),
    (11, 'cconcklina@wikia.com', 'cconcklina', 'fgorDEpFOZC6', 'Carleton Concklin', '9 Kensington Parkway', 2),
    (12, 'hmellodyb@telegraph.co.uk', 'hmellodyb', 'wZ6he1hf', 'Harri Mellody', '6 Summerview Park', 3),
    (13, 'schampc@macromedia.com', 'schampc', 'zEauWxb4m', 'Sheppard Champ', '06128 Norway Maple Crossing', 4),
    (14, 'rspacied@hp.com', 'rspacied', 'CYlbcf47lU', 'Rosemarie Spacie', '1 Kennedy Pass', 5),
    (15, 'ftribblee@un.org', 'ftribblee', 'rMCT8niUE', 'Flori Tribble', '52451 Muir Place', 1),
    (16, 'eeverillf@moonfruit.com', 'eeverillf', 'y2lFHWCnQ', 'Elwin Everill', '615 Prentice Pass', 2),
    (17, 'pebyg@constantcontact.com', 'pebyg', 'bSyeqKYjnCG', 'Pernell Eby', '634 Arapahoe Parkway', 3),
    (18, 'nwillbondh@bandcamp.com', 'nwillbondh', 'okCKp4MiX2q', 'Nealson Willbond', '904 Warbler Way', 4),
    (19, 'ewetherheadi@quantcast.com', 'ewetherheadi', 'YArFfUza', 'Esme Wetherhead', '36 Buell Park', 5),
    (20, 'tivanchikovj@marriott.com', 'tivanchikovj', 'FL1hJvU', 'Toddy Ivanchikov', '746 Weeping Birch Point', 1),
    (21, 'ldymockk@paypal.com', 'ldymockk', '1zs8J8YEgK8T', 'Linnie Dymock', '0 Autumn Leaf Trail', 2),
    (22, 'tclemencetl@freewebs.com', 'tclemencetl', 'U4YiAwUaw3', 'Trudi Clemencet', '9 Knutson Hill', 3),
    (23, 'nsteljesm@diigo.com', 'nsteljesm', '4TB5s3wEk94', 'Noreen Steljes', '1 Dryden Way', 4),
    (24, 'ecolstonn@dailymotion.com', 'ecolstonn', 'BjBpFrU', 'Enrika Colston', '4291 Eagan Hill', 5),
    (25, 'gfairo@go.com', 'gfairo', 'I7HceX', 'Guilbert Fair', '11587 Waxwing Street', 1),
    (26, 'pszantop@state.gov', 'pszantop', 'tJnGmODHBBG', 'Pauline Szanto', '31 Raven Road', 2),
    (27, 'targileq@nytimes.com', 'targileq', 'VIrz9f', 'Travus Argile', '995 Debra Circle', 3),
    (28, 'mtolladyr@pbs.org', 'mtolladyr', 'lU0nA2MZLvEf', 'Margret Tollady', '4333 Old Gate Trail', 4),
    (29, 'lcoalbrans@studiopress.com', 'lcoalbrans', 'L6NKQqgEND', 'Laure Coalbran', '2561 Farragut Terrace', 5),
    (30, 'kabbiet@google.com.au', 'kabbiet', 'yq6Jti', 'Kerk Abbie', '20296 Dahle Drive', 1),
    (31, 'rgeistu@sakura.ne.jp', 'rgeistu', '0hqv6jZ', 'Rochette Geist', '46412 Becker Crossing', 2),
    (32, 'lpamphilonv@comcast.net', 'lpamphilonv', 'ScNT3B48', 'Lane Pamphilon', '511 Mccormick Circle', 3),
    (33, 'skampshellw@elegantthemes.com', 'skampshellw', 't6ToOhU', 'Saunder Kampshell', '8 Comanche Drive', 4),
    (34, 'cbrahmerx@pen.io', 'cbrahmerx', 'Xmp7GCFxd', 'Cathe Brahmer', '36704 Leroy Terrace', 5),
    (35, 'jpresideyy@tamu.edu', 'jpresideyy', 'THXtMHefve', 'Jillie Presidey', '657 Carey Center', 1),
    (36, 'fripingz@nba.com', 'fripingz', 'H7UlDpPq6LWD', 'Francois Riping', '18 Derek Trail', 2),
    (37, 'rcordon10@privacy.gov.au', 'rcordon10', '197apYA6qum', 'Roobbie Cordon', '258 Melrose Point', 3),
    (38, 'mvaune11@vistaprint.com', 'mvaune11', 'Vpyry8KbdkI', 'Mattie Vaune', '365 Memorial Trail', 4),
    (39, 'drupert12@cyberchimps.com', 'drupert12', '8UEVesYpi', 'Dallas Rupert', '1699 Kim Crossing', 5),
    (40, 'treiling13@theglobeandmail.com', 'treiling13', 'Zs8tMqoRFeg', 'Thom Reiling', '8041 Dorton Crossing', 1),
    (41, 'lishchenko14@lulu.com', 'lishchenko14', 'n5OYsX', 'Lynelle Ishchenko', '38958 Norway Maple Street', 2),
    (42, 'sscamadine15@globo.com', 'sscamadine15', 'PR4HNppnzn', 'Silva Scamadine', '388 Roth Center', 3),
    (43, 'mollenbuttel16@dyndns.org', 'mollenbuttel16', 'fjJsfRyVVwQ8', 'Maddalena Ollenbuttel', '65221 Buhler Place', 4),
    (44, 'jfaint17@xrea.com', 'jfaint17', 'doAUJr1Anfq', 'Judon Faint', '6820 Vera Court', 5),
    (45, 'asambells18@parallels.com', 'asambells18', 'YvaDJR1WwQRJ', 'Arnie Sambells', '0 Mccormick Drive', 1),
    (46, 'hvasilechko19@cdc.gov', 'hvasilechko19', 'DSHc1zC', 'Hilliary Vasilechko', '52949 Moland Park', 2),
    (47, 'bcrickmoor1a@canalblog.com', 'bcrickmoor1a', 'WP4sqK8', 'Britta Crickmoor', '75 Quincy Avenue', 3),
    (48, 'rkramer1b@barnesandnoble.com', 'rkramer1b', 'WjLfQsvvCmvJ', 'Reuben Kramer', '99 Straubel Park', 4),
    (49, 'kde1c@yandex.ru', 'kde1c', 'S9TrGLwu8gi', 'Kinsley De Angelis', '793 Division Crossing', 5),
    (50, 'chammel1d@paypal.com', 'chammel1d', 'xqzpYI3Q0', 'Clayton Hammel', '1 Waubesa Alley', 1),
    (51, 'ggerbl1e@mac.com', 'ggerbl1e', '2rtK22Le', 'Gram Gerbl', '2 Bartillon Avenue', 2),
    (52, 'mingarfield1f@thetimes.co.uk', 'mingarfield1f', 'tMJUWc', 'Madalena Ingarfield', '72 Quincy Crossing', 3),
    (53, 'gruslin1g@squidoo.com', 'gruslin1g', '6k2nS1QkwVz9', 'Gene Ruslin', '4372 East Circle', 4),
    (54, 'csouthwell1h@biblegateway.com', 'csouthwell1h', 'ASHi8s7Wg', 'Catie Southwell', '5 Arapahoe Hill', 5),
    (55, 'babethell1i@hhs.gov', 'babethell1i', 'RKNcFF', 'Bobbye Abethell', '22970 Bluejay Trail', 1),
    (56, 'slittlecote1j@google.it', 'slittlecote1j', 'Qy6y5j', 'Salli Littlecote', '49071 Granby Junction', 2),
    (57, 'kmelling1k@de.vu', 'kmelling1k', 'wN7Wzm7Wfh', 'Kingsly Melling', '488 Pond Hill', 3),
    (58, 'ldarrach1l@foxnews.com', 'ldarrach1l', 'QUqB1L87NE', 'Latrina Darrach', '64575 Onsgard Avenue', 4),
    (59, 'lfroom1m@guardian.co.uk', 'lfroom1m', '6eov6OE6sM', 'Lyn Froom', '61 Carpenter Court', 5),
    (60, 'sbackler1n@parallels.com', 'sbackler1n', '0dRF4K', 'Salomon Backler', '4773 Bowman Crossing', 1),
    (61, 'bgiraldo1o@prweb.com', 'bgiraldo1o', 'fUdDa8y', 'Bryan Giraldo', '05 Paget Pass', 2),
    (62, 'cworsfold1p@w3.org', 'cworsfold1p', 'XIxs69hbpFv', 'Christalle Worsfold', '1238 Vahlen Lane', 3),
    (63, 'pivasechko1q@phoca.cz', 'pivasechko1q', 'HBQdv3pKKC', 'Pearle Ivasechko', '80 Hazelcrest Park', 4),
    (64, 'gmccraw1r@wikispaces.com', 'gmccraw1r', 'IpANnJN6l', 'Guthry McCraw', '74 Express Terrace', 5),
    (65, 'pstockell1s@walmart.com', 'pstockell1s', 'erAppO1v', 'Pearle Stockell', '2 Green Center', 1),
    (66, 'cchadwick1t@goo.gl', 'cchadwick1t', 'uU9YI9YH9B', 'Cherilynn Chadwick', '84 New Castle Road', 2),
    (67, 'dgiacobbinijacob1u@hhs.gov', 'dgiacobbinijacob1u', 'nWapwWcEgAZI', 'Dominique GiacobbiniJacob', '077 Union Drive', 3),
    (68, 'mhenryson1v@constantcontact.com', 'mhenryson1v', 'wpD5cKOzphs9', 'Michelle Henryson', '713 Eagan Street', 4),
    (69, 'vmckenney1w@cloudflare.com', 'vmckenney1w', 'TlhE4O', 'Viole McKenney', '64 Fair Oaks Pass', 5),
    (70, 'kbyram1x@prlog.org', 'kbyram1x', 'iCSQpz0dPYwz', 'Kurtis Byram', '2 Garrison Center', 1),
    (71, 'mbarnett1y@dell.com', 'mbarnett1y', 'q4s1A3tf', 'Matty Barnett', '22914 Lakewood Road', 2),
    (72, 'dmquhan1z@spiegel.de', 'dmquhan1z', 'dMl5M9k4Jl', 'Dahlia M''Quhan', '2 Parkside Road', 3),
    (73, 'adumini20@wunderground.com', 'adumini20', 'QXu7osP9', 'Angel Dumini', '35927 Schiller Street', 4),
    (74, 'pmidgely21@zdnet.com', 'pmidgely21', 'PyIg6Yz', 'Phoebe Midgely', '3001 Ridge Oak Point', 5),
    (75, 'dpund22@senate.gov', 'dpund22', 'Xf77UgOu', 'Donnie Pund', '91123 Spaight Court', 1),
    (76, 'jrosenbusch23@nps.gov', 'jrosenbusch23', 'cBwqPxArmi', 'Jasun Rosenbusch', '1100 Claremont Circle', 2),
    (77, 'sfranchioni24@mozilla.com', 'sfranchioni24', 'UZ2OHiG', 'Shannan Franchioni', '342 Corry Circle', 3),
    (78, 'blyven25@howstuffworks.com', 'blyven25', '6amYrcx51', 'Bartolomeo Lyven', '76513 Northwestern Parkway', 4),
    (79, 'lchattey26@dailymail.co.uk', 'lchattey26', 'lMn8bEoCgxy', 'Lira Chattey', '6 Carberry Point', 5),
    (80, 'kdouthwaite27@ovh.net', 'kdouthwaite27', 'yTOduQ6rAT', 'Kellina Douthwaite', '8 Garrison Terrace', 1),
    (81, 'hbedle28@illinois.edu', 'hbedle28', 'DN68fCos3LOD', 'Huberto Bedle', '2 Fallview Avenue', 2),
    (82, 'bbelding29@aol.com', 'bbelding29', 'oEsitUzpqA', 'Bernard Belding', '64 Forest Dale Drive', 3),
    (83, 'smcbayne2a@hubpages.com', 'smcbayne2a', 'vX6ZVDhfo', 'Shep McBayne', '837 Randy Point', 4),
    (84, 'dlodge2b@mayoclinic.com', 'dlodge2b', 'HZ7O3l0o', 'Dehlia Lodge', '83843 Muir Pass', 5),
    (85, 'jgifkins2c@tinyurl.com', 'jgifkins2c', 'UCOmo8AA', 'Jae Gifkins', '973 Kenwood Center', 1),
    (86, 'pdincke2d@narod.ru', 'pdincke2d', 'YZdl4u', 'Peder Dincke', '9 Crowley Drive', 2),
    (87, 'jespino2e@shop-pro.jp', 'jespino2e', 'riXat4lxmb9d', 'Jillana Espino', '90 Longview Court', 3),
    (88, 'lkillcross2f@is.gd', 'lkillcross2f', '0b35KabsI', 'Lanita Killcross', '0978 Upham Trail', 4),
    (89, 'gbissill2g@bing.com', 'gbissill2g', 'B30rfUYgSyR', 'Genia Bissill', '669 Hudson Crossing', 5),
    (90, 'yridsdole2h@ucoz.com', 'yridsdole2h', 'V2DSWOurl', 'Yul Ridsdole', '6 Prentice Park', 1),
    (91, 'ddunnion2i@gnu.org', 'ddunnion2i', 'aQHzqJ', 'Delphinia Dunnion', '78106 Bonner Circle', 2),
    (92, 'jroyl2j@nyu.edu', 'jroyl2j', 'C2ZEFxixm', 'Joycelin Royl', '045 Troy Park', 3),
    (93, 'ptumber2k@odnoklassniki.ru', 'ptumber2k', '51DfwYzja', 'Priscella Tumber', '3736 Vahlen Hill', 4),
    (94, 'jpeinton2l@t.co', 'jpeinton2l', 'RyPCaYXPH', 'Janeta Peinton', '111 Emmet Crossing', 5),
    (95, 'givery2m@canalblog.com', 'givery2m', 'NX2KLR', 'Georgy Ivery', '6 Basil Avenue', 1),
    (96, 'dwhilde2n@mit.edu', 'dwhilde2n', 'eX8r0TzR', 'Danila Whilde', '86 Kingsford Way', 2),
    (97, 'cdunford2o@livejournal.com', 'cdunford2o', 'nEK9xsHxct', 'Carley Dunford', '6 Village Way', 3),
    (98, 'acoxwell2p@google.es', 'acoxwell2p', 'vSCrZ6u4LHWd', 'Allayne Coxwell', '1 Fulton Terrace', 4),
    (99, 'ptrimmell2q@php.net', 'ptrimmell2q', '4YiqvmjDFNd', 'Penelope Trimmell', '198 1st Avenue', 5),
    (100, 'alimeburn2r@answers.com', 'alimeburn2r', 'o33tYs5', 'Annecorinne Limeburn', '07801 Continental Place', 1);

insert into Payments (customer_id, card_number, exp_date, billing_address)
values
    (1, '3547433266538724', '2022-10-15', '78 Cottonwood Pass'),
    (2, '3723013387636024', '2025-04-04', '176 Ryan Plaza'),
    (3, '3563702816833739', '2024-06-09', '215 Mosinee Parkway'),
    (4, '3553977099093787', '2022-01-31', '7 Fulton Park'),
    (5, '5602226930171386', '2025-04-21', '4 Stephen Hill'),
    (6, '4026742795075992', '2020-11-24', '5717 Nelson Terrace'),
    (7, '3574247674554248', '2026-05-29', '3377 West Crossing'),
    (8, '3587245969174412', '2021-11-21', '7383 Maryland Plaza'),
    (9, '5610788764299799', '2025-01-21', '8406 Eagan Drive'),
    (10, '3577520700831740', '2022-04-06', '6 Monument Crossing'),
    (11, '5010127125609378', '2025-07-14', '75490 Morning Street'),
    (12, '6759099687809805', '2020-08-27', '80 Glendale Pass'),
    (13, '2014169392343456', '2023-08-18', '628 6th Avenue'),
    (14, '5602222630580059', '2022-04-11', '98099 Vahlen Court'),
    (15, '3588095270181401', '2024-12-13', '57 Hansons Alley'),
    (16, '4026435794439620', '2021-07-02', '48234 Saint Paul Way'),
    (17, '5602233370268623', '2023-07-16', '88622 Victoria Junction'),
    (18, '5588815624306528', '2022-02-07', '230 Florence Terrace'),
    (19, '3528246419087610', '2023-01-21', '689 Eastwood Hill'),
    (20, '6304050058643932', '2021-06-19', '36 Burning Wood Alley'),
    (21, '5007661787086231', '2022-11-02', '248 Kim Drive'),
    (22, '5048372775743871', '2024-08-21', '4562 Old Shore Road'),
    (23, '3544346060458845', '2020-11-02', '3941 Washington Parkway'),
    (24, '4903768306987209', '2025-08-09', '46 Dunning Junction'),
    (25, '5602221779603797', '2020-08-13', '4 Swallow Junction'),
    (26, '3579277327105523', '2024-06-07', '88 Green Crossing'),
    (27, '3566724448983093', '2022-03-04', '15276 Hanover Avenue'),
    (28, '6398609755910192', '2025-10-30', '7039 Jana Way'),
    (29, '3558182714473416', '2025-08-31', '00 Armistice Lane'),
    (30, '5136780218656356', '2025-12-07', '5 Dahle Crossing'),
    (31, '3580894828787489', '2025-08-29', '2 Merchant Junction'),
    (32, '3570581224648520', '2021-01-24', '0949 Forest Run Place'),
    (33, '3559192983112388', '2024-04-01', '9 Dexter Street'),
    (34, '3588362382667663', '2024-10-31', '64828 Chive Avenue'),
    (35, '4903745791413833', '2026-07-09', '3 North Trail'),
    (36, '2018897530987090', '2024-07-02', '3463 Green Park'),
    (37, '3535054305370384', '2026-02-20', '4 Thompson Park'),
    (38, '3541243251487571', '2022-12-07', '55 Quincy Drive'),
    (39, '3532256109976851', '2025-03-16', '5740 Randy Parkway'),
    (40, '5446805512680565', '2020-10-07', '27 Thompson Court'),
    (41, '3557801690186368', '2023-01-22', '934 Coleman Avenue'),
    (42, '5602222151143618', '2025-04-04', '65815 5th Avenue'),
    (43, '4911057696141852', '2024-05-26', '356 Straubel Place'),
    (44, '3004360311317086', '2023-08-24', '5 Express Court'),
    (45, '3553586164789797', '2025-08-12', '13228 Lotheville Trail'),
    (46, '3584093158828312', '2022-07-31', '25 Northland Avenue'),
    (47, '3546596515791038', '2021-12-17', '82 Stoughton Place'),
    (48, '3578333659375886', '2021-07-08', '57914 Linden Park'),
    (49, '5519912646125558', '2026-05-25', '481 Pine View Park'),
    (50, '4041598001597497', '2025-05-10', '90 Chive Circle'),
    (51, '3571083762507894', '2024-09-29', '1 Northview Point'),
    (52, '3021980666864687', '2022-04-16', '7825 Bluejay Road'),
    (53, '3546395658647754', '2026-06-24', '690 Ludington Point'),
    (54, '3742880945390528', '2024-05-26', '4056 Katie Point'),
    (55, '4041594525503646', '2026-05-02', '77700 Logan Place'),
    (56, '4508530739461023', '2022-02-14', '330 Leroy Park'),
    (57, '3554780397081010', '2020-10-24', '65 Waxwing Hill'),
    (58, '3535193895820752', '2023-04-27', '232 Sunnyside Park'),
    (59, '4917427227061156', '2020-08-17', '79069 Claremont Court'),
    (60, '3553377529154780', '2024-09-05', '41291 Westridge Terrace'),
    (61, '3575778111839726', '2020-10-10', '45 Fisk Court'),
    (62, '3535101837336613', '2022-05-06', '78 Brickson Park Alley'),
    (63, '5100176802880779', '2021-05-29', '6461 Dawn Center'),
    (64, '5018929756547229', '2025-01-16', '72 Dunning Park'),
    (65, '5002357642753249', '2021-08-25', '1090 Southridge Terrace'),
    (66, '4041376094892242', '2021-05-10', '9310 Surrey Parkway'),
    (67, '3557914036311481', '2023-05-05', '53 Moland Plaza'),
    (68, '6380241019410015', '2021-02-14', '20 Summer Ridge Alley'),
    (69, '3547219956872469', '2021-05-11', '78 Namekagon Junction'),
    (70, '3576640740119731', '2026-03-19', '769 Stoughton Drive'),
    (71, '3545834542548985', '2024-08-19', '69 Jana Way'),
    (72, '3589414251348807', '2022-02-09', '8867 8th Place'),
    (73, '5020799800379829', '2023-01-09', '5 Morrow Crossing'),
    (74, '3742839566153418', '2023-12-11', '5 New Castle Crossing'),
    (75, '5157789342756093', '2021-02-14', '908 Kingsford Crossing'),
    (76, '4508669132740839', '2023-03-18', '24 Pleasure Crossing'),
    (77, '3580717458181352', '2025-07-02', '57926 Pleasure Pass'),
    (78, '4844413587065605', '2021-06-15', '1490 Almo Road'),
    (79, '3547433219049167', '2021-10-04', '68 Lukken Junction'),
    (80, '3041954395905624', '2025-10-01', '28 Westport Trail'),
    (81, '5602230013864756', '2023-02-04', '2069 Boyd Hill'),
    (82, '3532658449771332', '2023-12-14', '597 Annamark Pass'),
    (83, '3746227907958459', '2023-08-26', '9 Jay Alley'),
    (84, '2019634997068713', '2022-11-14', '2 Saint Paul Plaza'),
    (85, '3058031978487147', '2025-09-01', '40170 Dorton Place'),
    (86, '6304561887994904', '2024-12-12', '26066 Rieder Center'),
    (87, '4026310348695425', '2026-04-15', '2 Riverside Drive'),
    (88, '3564506303857195', '2026-03-14', '4305 Russell Parkway'),
    (89, '3551988392747518', '2026-02-01', '4065 Mccormick Hill'),
    (90, '3553209561181688', '2025-05-21', '96553 Fairfield Parkway'),
    (91, '3536519667748426', '2023-03-27', '04695 Ohio Road'),
    (92, '3582769240332049', '2024-01-19', '128 Oak Alley'),
    (93, '3532024663531706', '2021-01-20', '8 Arkansas Avenue'),
    (94, '4844390832400987', '2022-11-05', '35637 Glacier Hill Trail'),
    (95, '6333241252081125', '2021-09-17', '17 Westport Point'),
    (96, '3056604253311411', '2020-09-07', '126 Tennessee Way'),
    (97, '3723016088752217', '2022-03-16', '5991 Prairieview Street'),
    (98, '3552581576927045', '2023-01-07', '14 Dottie Circle'),
    (99, '3548619737066753', '2023-09-09', '4329 Kenwood Trail'),
    (100, '4041377700943444', '2020-12-28', '08933 Loomis Drive');

insert into Customer_Orders (order_id, customer_id, payment_id, store_id, order_timestamp, delivery_timestamp, status, total_price)
values
    (101, 54, 54, 5, '2019-08-17 04:05:13', '2020-09-07 07:33:40', 'Cancelled', 105.92),
    (102, 68, 68, 2, '2019-11-13 14:36:52', '2021-07-22 01:20:46', 'Processing', 194.99),
    (103, 100, 100, 3, '2019-08-31 10:54:19', '2021-03-23 23:58:07', 'Cancelled', 141.79),
    (104, 56, 56, 1, '2020-07-03 09:06:20', '2021-02-26 02:49:46', 'Delivered', 81.83),
    (105, 29, 29, 2, '2020-05-21 19:56:04', '2021-06-07 10:41:48', 'Processing', 140.68),
    (106, 57, 57, 3, '2020-02-20 04:26:04', '2020-11-22 06:22:15', 'Shipping', 60.73),
    (107, 75, 75, 4, '2019-10-22 08:14:33', '2020-10-22 22:37:42', 'Returned', 297.54),
    (108, 43, 43, 2, '2020-07-17 21:28:10', null, 'Cancelled', 241.64),
    (109, 56, 56, 3, '2020-01-05 11:27:37', '2021-06-05 12:59:54', 'Processing', 114.01),
    (110, 97, 97, 4, '2019-09-22 21:55:12', '2020-12-02 00:59:11', 'Cancelled', 280.6),
    (111, 50, 50, 1, '2020-02-13 07:54:46', '2021-05-04 21:47:11', 'Processing', 123.08),
    (112, 78, 78, 2, '2019-09-08 20:01:55', '2020-12-17 06:48:05', 'Delivered', 288.6),
    (113, 74, 74, 5, '2019-08-14 01:31:35', '2021-04-14 09:11:44', 'Returned', 93.1),
    (114, 12, 12, 5, '2020-02-17 14:31:59', null, 'Shipping', 274.0),
    (115, 45, 45, 4, '2020-05-09 19:31:25', '2021-02-21 23:16:06', 'Delivered', 165.49),
    (116, 45, 45, 2, '2020-01-15 14:34:31', '2021-03-19 02:27:13', 'Shipping', 235.51),
    (117, 82, 82, 4, '2020-06-23 09:06:05', '2021-06-06 15:51:46', 'Processing', 121.45);

insert into Customer_Orders_Returns (order_id, reason)
values
    (110, 'Unwanted items'),
    (101, 'My grandson wanted the pirate ship'),
    (102, 'Order not fully filled'),
    (107, 'Broken'),
    (113, 'Broken');

insert into Customer_Orders_Bricks (order_id, brick_id, quantity)
values
    (117, 10084, 1),
    (111, 10042, 18),
    (112, 10089, 5),
    (111, 10019, 15),
    (115, 10074, 8),
    (117, 10006, 1),
    (116, 10003, 18),
    (115, 10003, 5),
    (115, 10046, 8),
    (111, 10037, 6),
    (111, 10024, 17),
    (110, 10001, 9),
    (112, 10012, 14),
    (115, 10024, 16),
    (110, 10083, 7),
    (114, 10025, 13),
    (117, 10088, 12),
    (116, 10021, 4),
    (114, 10029, 6),
    (111, 10060, 12),
    (111, 10031, 3),
    (117, 10032, 11),
    (110, 10008, 10),
    (112, 10048, 16),
    (113, 10065, 9),
    (111, 10065, 8),
    (115, 10063, 11),
    (112, 10060, 9),
    (113, 10028, 2),
    (114, 10054, 9),
    (116, 10049, 7),
    (112, 10031, 8),
    (111, 10020, 13),
    (112, 10037, 12),
    (113, 10024, 13),
    (112, 10097, 11),
    (116, 10066, 6),
    (114, 10052, 10),
    (115, 10005, 8),
    (113, 10021, 10),
    (114, 10095, 8),
    (111, 10068, 5),
    (117, 10045, 9),
    (116, 10048, 6),
    (116, 10077, 3),
    (115, 10088, 2),
    (112, 10044, 10),
    (117, 10013, 19),
    (111, 10064, 19),
    (111, 10089, 10),
    (116, 10032, 20),
    (114, 10073, 2),
    (111, 10059, 8),
    (103, 10087, 1),
    (102, 10037, 10),
    (116, 10043, 8),
    (114, 10079, 18),
    (115, 10076, 18),
    (117, 10060, 17),
    (111, 10017, 15),
    (111, 10039, 19);

insert into Customer_Orders_Sets (order_id, set_id, quantity)
values
    (116, 1004, 3),
    (113, 1001, 2),
    (101, 1020, 1),
    (109, 1011, 1),
    (113, 1018, 2),
    (102, 1013, 1),
    (104, 1020, 3),
    (103, 1010, 2),
    (113, 1017, 2),
    (102, 1004, 1),
    (106, 1010, 1),
    (101, 1010, 3),
    (116, 1009, 1),
    (107, 1009, 2),
    (110, 1011, 1),
    (102, 1008, 1),
    (107, 1005, 3),
    (117, 1010, 3),
    (106, 1014, 3),
    (103, 1007, 3),
    (103, 1000, 3),
    (113, 1002, 1),
    (107, 1023, 1),
    (105, 1014, 1),
    (117, 1000, 3),
    (108, 1020, 3),
    (101, 1023, 2),
    (105, 1017, 1),
    (104, 1013, 3),
    (107, 1021, 2),
    (111, 1002, 3),
    (105, 1011, 1),
    (106, 1022, 1),
    (106, 1011, 3),
    (112, 1005, 1),
    (116, 1016, 3),
    (102, 1002, 3),
    (104, 1001, 3),
    (102, 1003, 2),
    (115, 1013, 2),
    (106, 1003, 3),
    (105, 1024, 2),
    (113, 1005, 3),
    (107, 1022, 3),
    (106, 1012, 3),
    (104, 1015, 1),
    (105, 1000, 3),
    (107, 1001, 3);

insert into Store_Sales (store_id, employee_id, sale_timestamp, total_price, credit_card)
values
     (3, 10, '2020-04-17 00:48:41', 287.11, '9466190601060911'),
     (5, 10, '2020-06-27 17:35:49', 229.89, '2101520529424231'),
     (4, 48, '2020-06-07 03:02:27', 280.23, '2107208043394791'),
     (2, 48, '2019-09-30 15:40:40', 184.73, '0024650365632691'),
     (3, 18, '2019-08-09 01:25:10', 14.1, '0962460997464571'),
     (3, 15, '2020-02-06 02:27:57', 250.68, '9170062970029513'),
     (3, 45, '2020-01-31 13:48:54', 165.34, '9843599325715415'),
     (4, 45, '2020-01-15 18:48:30', 207.72, '9984666983088113'),
     (5, 46, '2020-01-19 13:28:44', 285.43, null),
     (2, 24, '2019-12-03 10:49:39', 170.95, '9662260665237417'),
     (4, 22, '2019-08-26 22:53:43', 287.96, '9913380784509813'),
     (4, 6, '2019-11-02 21:40:51', 221.32, '8514302750973913'),
     (2, 44, '2020-04-07 01:47:06', 195.69, null),
     (1, 19, '2020-01-18 04:56:25', 193.79, '0473615503743656'),
     (2, 41, '2019-08-23 03:44:31', 35.18, '4760745164251026'),
     (2, 32, '2020-05-15 03:14:05', 118.96, '9789391073940324'),
     (2, 38, '2020-03-24 00:18:20', 92.86, '0687151800865251'),
     (5, 17, '2020-04-24 15:36:39', 17.15, '8211393707942523'),
     (3, 22, '2019-10-25 00:14:32', 0.82, '7919561636409150'),
     (5, 33, '2020-02-10 11:46:14', 42.78, '4448240425826603');

insert into Store_Sales_Returns (sale_id, reason, return_timestamp)
values
    (6, 'My son wanted the hyuickr set instead. ', '2019-08-05 01:14:18'),
    (1, 'My son wanted the ribture set instead. ', '2019-08-30 23:30:02'),
    (20, 'My son wanted the rwidqfq set instead. ', '2019-11-25 19:57:07'),
    (11, 'My son wanted the fmiioic set instead. ', '2020-06-03 15:33:04');

insert into Store_Sales_Bricks (sale_id, brick_id, quantity)
values
    (10, 10088, 14),
    (14, 10054, 46),
    (19, 10089, 28),
    (11, 10080, 36),
    (6, 10064, 40),
    (6, 10019, 36),
    (11, 10056, 21),
    (19, 10011, 43),
    (3, 10096, 39),
    (9, 10081, 26),
    (14, 10072, 36),
    (13, 10003, 9),
    (1, 10010, 3),
    (8, 10030, 5),
    (12, 10040, 44),
    (17, 10035, 10),
    (5, 10015, 31),
    (8, 10087, 23),
    (19, 10034, 29),
    (9, 10064, 12),
    (13, 10087, 18),
    (17, 10045, 30),
    (5, 10042, 42),
    (20, 10037, 27),
    (20, 10012, 21),
    (8, 10050, 32),
    (2, 10097, 14),
    (5, 10017, 7),
    (19, 10059, 32),
    (10, 10023, 35),
    (19, 10073, 16),
    (13, 10031, 8),
    (16, 10021, 25),
    (4, 10080, 41),
    (9, 10052, 34),
    (12, 10073, 50),
    (10, 10046, 27),
    (19, 10083, 48),
    (16, 10069, 40),
    (19, 10027, 25),
    (10, 10017, 37),
    (10, 10029, 25),
    (16, 10058, 47),
    (11, 10021, 16),
    (7, 10003, 20),
    (2, 10050, 31),
    (8, 10070, 46),
    (5, 10027, 18),
    (1, 10038, 4),
    (8, 10089, 23);

insert into Store_Sales_Sets (sale_id, set_id, quantity)
values
    (11, 1007, 2),
    (14, 1018, 3),
    (4, 1007, 1),
    (16, 1021, 3),
    (10, 1009, 3);

insert into Suppliers (name)
values
    ('Gigabox'),
    ('Centidel'),
    ('Lazzy'),
    ('Jaloo'),
    ('Roodel');

insert into Store_Orders (order_id, store_id, supplier_id, order_timestamp, delivery_timestamp, status)
values
    (1, 5, 3, '2020-05-10 21:08:25', '2021-04-19 11:46:24', 'Ordered'),
    (2, 4, 1, '2019-11-03 00:55:33', '2021-04-24 06:59:28', 'Delivered'),
    (3, 1, 4, '2019-10-09 05:39:04', '2020-08-09 11:05:33', 'Cancelled'),
    (4, 4, 1, '2020-05-07 20:18:12', '2021-02-24 13:17:16', 'Ordered'),
    (5, 1, 3, '2020-02-07 08:32:10', '2020-12-25 02:33:24', 'Delivered');

insert into Store_Orders_Bricks (order_id, brick_id, quantity)
values
    (1, 10018, 315),
    (2, 10010, 95),
    (3, 10089, 291),
    (4, 10030, 214),
    (5, 10005, 454),
    (5, 10073, 92),
    (4, 10002, 143),
    (1, 10089, 426),
    (2, 10081, 302),
    (3, 10074, 458),
    (1, 10006, 495),
    (4, 10001, 417),
    (2, 10090, 17),
    (5, 10041, 318),
    (3, 10056, 320),
    (1, 10098, 335),
    (1, 10036, 253),
    (3, 10091, 489),
    (2, 10070, 225),
    (5, 10023, 53),
    (4, 10097, 279);

insert into Store_Orders_Sets (order_id, set_id, quantity)
values
    (4, 1005, 41),
    (4, 1007, 22),
    (5, 1017, 23),
    (2, 1004, 44),
    (3, 1020, 28),
    (1, 1008, 18),
    (2, 1016, 48),
    (4, 1019, 5),
    (3, 1019, 30),
    (1, 1002, 29);
